,fasta_header,lengths,radius_of_gyration,end_to_end_distance,scaling_exponent,asphericity,prefactor,sequence
0,ELT-3_2_39,37,17.193474662462563,42.74670162444261,0.55804604,0.42732102,7.199256,"TANYYLPSPP
YSSTSSSDSR
ESRMNTPIPT
TYSEENV"
1,ELT-3_54_74,20,11.239769989337006,26.447401848778163,0.5568287,0.416606,6.027562,"TSQKNFWQEG
SPSSSEYLHQ"
2,ELT-3_195_239,44,20.35648303676371,50.25682769531347,0.56475043,0.4608369,6.9833794,"PLPLLNSSPT
HPYTTMSNFT
PPPQDPLVAE
PKPMKKRMAA
VQCH"
3,ELT-3_282_317,35,16.94098149069256,41.6855924334028,0.5524155,0.4472313,6.218238,"LRKDGIMKRN
RRPRNESPNS
AIRNTHQRHG
HAAAC"
4,HLH-1_0_35,35,16.44055888572939,39.93057647891736,0.5524129,0.44276685,6.754363,"MNTETSTQSA
PSDTYDTSIY
YNSSPRVTAN
DITTL"
5,HLH-1_57_143,86,27.642361218751304,64.23991228888447,0.54897547,0.43299246,6.4037285,"NQPAYYLPSY
APTAPTTFYS
DFANFNVTRS
QDFASVPAVA
NSSDVKPIII
KQEKSTPNAT
ELIIQSRVDS
QHEDTTTSTA
GGAGVG"
6,HLH-1_226_324,98,29.09107184694133,69.51562547114,0.53877926,0.40998942,6.555004,"QMTQQINGAP
PHDYVTSSHF
ASSSYNPENM
FDDDDLTDSD
DDRDHHKLGN
AVDLRRRNSL
DRLSRIVASI
PNEEAMTDEQ
LLQPANDVID
GEKKLEML"
7,ELT-1_15_38,23,12.718046432907835,31.017869215934784,0.6062822,0.45445383,4.94748,"SGGASLAPTS
STTAASIAPF
SYN"
8,ELT-1_129_214,85,28.486641885606353,67.6926738876954,0.5647877,0.4364529,6.0837097,"QGNGTIVPQP
ITQNIISTVS
NVQSSVPINN
SQPLTPTGLA
GCSTSSGSSS
ASSSSANSTS
TPKNTISKAN
RSSGGANNSQ
FSTED"
9,ELT-2_0_59,59,23.63681676989705,56.82062401015408,0.54733557,0.45514625,6.7492,"MDNNYNDNVN
GWAEMEPSQP
MGGLRLPTQN
MDPPEQNNES
QLSELPRMKI
DNDYASPIE"
10,ELT-2_186_232,46,20.425558371984202,48.938787299664945,0.566749,0.43646213,6.4256887,"VAYSTSLGQP
PILEIPSEQP
TAKIAKQSSK
KSSSSNRGSN
GSASRR"
11,ELT-2_410_432,22,12.49997347695593,31.847799819227234,0.5858105,0.47110292,5.8555546,"VMPVQDDETK
AAARDLEAVD
GD"
12,PHA-4_0_44,44,21.000685567375974,52.39899377461118,0.595555,0.49280143,6.135854,"MTSPSSDEDI
IDIRVIKEEP
ESEPDSEAEP
ATTTNSTDSE
DSVE"
13,PHA-4_96_118,22,12.234776193641501,28.8837300630306,0.52435535,0.39513856,5.3782015,"NAQDYLPTYS
NTTLNYQPYQ
YQ"
14,PHA-4_159_214,55,20.61704042274433,50.43501002909958,0.56057084,0.43642294,6.062793,"FTTGTTGATT
AAASVATSSA
SAVIGRSNGR
SSSTVAASPA
DRSYSGVSGG
QGQEL"
15,HND-1_0_33,33,15.359228102045536,38.880096440166994,0.6003247,0.4585163,5.9976654,"MVKSTTAGNN
AVSSLESTDS
KKSRKEKSRE
KEH"
16,HND-1_88_122,34,15.494541176433408,36.78512058244438,0.52743965,0.4280634,6.200349,"TDCNESRPLT
HSDFRVNISN
EIRIRNSYRE
RAHN"
